10;;;0.2153950106;0;10;0;0.07
9.8520188453;;;0.2127527438;0.0647715891;9.9898023767;0.0101976233;
9.7393626297;;;0.2101105501;0.0974543346;9.9807755487;0.009026828;
9.6567445333;;;0.2074684335;0.1248503371;9.9731596774;0.0076158713;
9.6014200085;;;0.2048264004;0.1495018755;9.9671249488;0.0060347286;
9.5716267963;;;0.2021844596;0.1723912474;9.9628161998;0.004308749;
9.5661044853;;;0.1995426225;0.1940203115;9.9603632728;0.002452927;
9.5838891863;;;0.1969009026;0.2146856036;9.9598855645;0.0004777082;
9.6242088504;;;0.1942593159;0.23457898;9.961494488;-0.0016089235;
9.6864235004;;;0.1916178807;0.2538325307;9.9652949654;-0.0038004774;
9.7699882802;;;0.1889766175;0.2725413973;9.9713864018;-0.0060914364;
9.8744292176;;;0.1863355495;0.2907764868;9.9798633518;-0.00847695;
9.9993265806;;;0.1836947016;0.3085920646;9.990815992;-0.0109526402;
10.1443030229;;;0.1810541015;0.3260305438;10.0043304651;-0.0135144731;
10.3090148848;;;0.1784137788;0.3431256407;10.0204891341;-0.0161586691;
10.4931456499;;;0.1757737655;0.3599045306;10.0393707737;-0.0188816396;
10.6964009209;;;0.1731340955;0.3763893664;10.0610507148;-0.021679941;
10.9185044913;;;0.1704948051;0.3925983755;10.0856009549;-0.0245502401;
11.1591952293;;;0.1678559326;0.4085466706;10.1130902432;-0.0274892883;
11.4182245719;;;0.1652175184;0.424246861;10.1435841452;-0.030493902;
11.6953544876;;;0.1625796048;0.4397095205;10.177145093;-0.0335609478;
11.9903558033;;;0.1599422362;0.454943552;10.2138324241;-0.0366873311;
12.3030068195;;;0.1573054589;0.469956475;10.2537024114;-0.0398699872;
12.6330921536;;;0.154669321;0.4847546551;10.2968082864;-0.043105875;
12.9804017702;;;0.1520338727;0.4993434893;10.3432002584;-0.046391972;
13.3447301614;;;0.1493991656;0.5137275568;10.3929255292;-0.0497252709;
13.7258756517;;;0.1467652533;0.5279107436;10.4460283063;-0.053102777;
14.1236398062;;;0.144132191;0.5418963454;10.5025498133;-0.0565215071;
14.5378269244;;;0.1415000355;0.5556871538;10.5625283012;-0.0599784878;
14.9682436072;;;0.1388688453;0.5692855281;10.6259990576;-0.0634707564;
15.4146983845;;;0.1362386802;0.5826934575;10.6929944177;-0.0669953601;
15.8770013953;;;0.1336096016;0.5959126125;10.7635437748;-0.0705493571;
16.3549641127;;;0.1309816722;0.6089443895;10.8376735923;-0.0741298175;
16.8483991062;;;0.128354956;0.6217899495;10.9154074165;-0.0777338242;
17.3571198385;;;0.1257295182;0.6344502505;10.9967658912;-0.0813584747;
17.8809404893;;;0.1231054253;0.6469260762;11.0817667733;-0.0850008821;
18.4196758054;;;0.120482745;0.659218061;11.1704249501;-0.0886581768;
18.9731409707;;;0.1178615456;0.671326711;11.2627524588;-0.0923275088;
19.5411514966;;;0.1152418969;0.6832524229;11.3587585072;-0.0960060483;
20.1235231277;;;0.1126238692;0.6949955003;11.4584494958;-0.0996909887;
20.720071762;;;0.1100075338;0.706556168;11.561829043;-0.1033795472;
21.3306133836;;;0.1073929626;0.7179345842;11.6688980104;-0.1070689674;
21.9549640065;;;0.1047802283;0.7291308512;11.7796545312;-0.1107565208;
22.5929396275;;;0.102169404;0.7401450251;11.894094039;-0.1144395078;
23.2443561875;;;0.0995605636;0.7509771236;12.0122092995;-0.1181152604;
23.90902954;;;0.0969537811;0.7616271336;12.1339904422;-0.1217811427;
24.5867754255;;;0.0943491309;0.7720950164;12.2594249951;-0.1254345529;
25.2774094514;;;0.0917466879;0.7823807138;12.3884979196;-0.1290729245;
25.9807470765;;;0.0891465267;0.7924841518;12.521191647;-0.1326937274;
26.6966035987;;;0.0865487225;0.8024052447;12.6574861163;-0.1362944693;
27.4247941469;;;0.08395335;0.8121438982;12.7973588125;-0.1398726963;
28.1651336744;;;0.0813604843;0.8217000118;12.9407848068;-0.1434259943;
28.917436955;;;0.0787701999;0.8310734805;13.0877367964;-0.1469519895;
29.6815185807;;;0.0761825714;0.840264197;13.2381851455;-0.1504483492;
30.4571929603;;;0.0735976726;0.8492720523;13.3920979276;-0.153912782;
31.2442743194;;;0.0710155774;0.8580969364;13.5494409666;-0.157343039;
32.0425766998;;;0.0684363587;0.8667387391;13.71017788;-0.1607369134;
32.8519139602;;;0.0658600891;0.8751973496;13.8742701209;-0.164092241;
33.6720997765;;;0.0632868404;0.8834726566;14.0416770212;-0.1674069003;
34.5029476407;;;0.0607166835;0.8915645477;14.2123558339;-0.1706788126;
35.3442708609;;;0.0581496885;0.8994729087;14.3862617757;-0.1739059418;
36.1958825589;;;0.0555859247;0.9071976228;14.5633480696;-0.177086294;
37.0575956682;;;0.0530254601;0.9147385693;14.7435659871;-0.1802179174;
37.9292229292;;;0.0504683616;0.9220956226;14.9268648892;-0.1832989022;
38.8105768847;;;0.0479146951;0.9292686506;15.1131922686;-0.1863273793;
39.7014698731;;;0.0453645248;0.9362575131;15.3024937892;-0.1893015207;
40.6017140199;;;0.0428179138;0.9430620607;15.4947133271;-0.1922195379;
41.5111212284;;;0.0402749236;0.9496821321;15.6897930094;-0.1950796823;
42.4295031676;;;0.0377356142;0.9561175534;15.8876732528;-0.1978802433;
43.356671259;;;0.0352000438;0.9623681352;16.0882928013;-0.2006195485;
44.2924366616;;;0.032668269;0.9684336716;16.2915887632;-0.2032959619;
45.2366102546;;;0.0301403446;0.9743139375;16.4974966472;-0.205907884;
46.1890026182;;;0.0276163232;0.9800086868;16.7059503972;-0.20845375;
47.1494240132;;;0.0250962558;0.9855176509;16.9168824266;-0.2109320294;
48.1176843578;;;0.0225801912;0.9908405358;17.1302236516;-0.213341225;
49.0935932029;;;0.0200681759;0.995977021;17.3459035231;-0.2156798715;
50.0769597054;;;0.0175602544;1.0009267569;17.5638500584;-0.2179465353;
51.0675925998;;;0.0150564687;1.0056893631;17.7839898714;-0.220139813;
52.0653001679;;;0.0125568586;1.0102644267;18.0062482021;-0.2222583306;
53.0698902067;;;0.0100614614;1.0146515002;18.2305489449;-0.2243007429;
54.0811699944;;;0.0075703119;1.0188500996;18.4568146771;-0.2262657322;
55.0989462553;;;0.0050834423;1.0228597032;18.6849666849;-0.2281520078;
56.1230251228;;;0.002600882;1.0266797494;18.9149249905;-0.2299583056;
57.1532121006;;;0.0001226579;1.0303096357;19.1466083772;-0.2316833866;
58.1846096116;;;0.0023512059;1.033748717;19.3799344142;-0.2333260371;
59.2167852273;;;0.0048206883;1.036996304;19.6148194821;-0.2348850678;
60.249551119;;;0.0072857711;1.0400516628;19.8511787954;-0.2363593134;
61.2827186932;;;0.0097464388;1.0429140129;20.0889264279;-0.2377476325;
62.3160985411;;;0.0122026792;1.0455825271;20.3279753349;-0.239048907;
63.349500388;;;0.0146544831;1.04805633;20.5682373776;-0.2402620426;
64.3827330415;;;0.0171018444;1.0503344978;20.8096233458;-0.2413859683;
65.4156043389;;;0.0195447602;1.0524160576;21.0520429823;-0.2424196365;
66.4479210953;;;0.0219832309;1.0542999872;21.2954050062;-0.2433620238;
67.4794890501;;;0.02441726;1.0559852148;21.5396171373;-0.2442121311;
68.5101128147;;;0.0268468546;1.0574706192;21.7845861212;-0.244968984;
69.5395958196;;;0.0292720247;1.0587550296;22.0302177551;-0.2456316338;
70.5677402619;;;0.0316927843;1.0598372266;22.2764169135;-0.2461991584;
71.5943470541;;;0.0341091502;1.0607159424;22.5230875765;-0.246670663;
72.6192157722;;;0.0365211433;1.0613898614;22.7701328583;-0.2470452818;
73.6421446066;;;0.0389287874;1.0618576217;23.0174550371;-0.2473221787;
74.6629303124;;;0.0413321102;1.062117816;23.2649555867;-0.2475005496;
75.6813681626;;;0.0437311429;1.062168993;23.5125352101;-0.2475796234;
76.6972519016;;;0.0461259201;1.0620096591;23.7600938745;-0.2475586644;
77.7103737017;;;0.0485164802;1.0616382803;24.0075308485;-0.247436974;
78.720524121;;;0.0509028651;1.0610532844;24.2547447418;-0.2472138933;
79.7274920637;;;0.0532851204;1.0602530631;24.5016335467;-0.246888805;
80.7310647432;;;0.0556632951;1.0592359746;24.7480946831;-0.2464611364;
81.7310276479;;;0.0580374422;1.0580003468;24.994025045;-0.245930362;
82.7271645097;;;0.0604076181;1.0565444799;25.2393210514;-0.2452960063;
83.7192572766;;;0.0627738829;1.0548666498;25.4838786986;-0.2445576473;
84.7070860883;;;0.0651363004;1.052965112;25.7275936175;-0.2437149188;
85.6904292553;;;0.0674949379;1.0508381049;25.9703611326;-0.2427675151;
86.6690632429;;;0.0698498666;1.0484838543;26.2120763259;-0.2417151933;
87.6427626591;;;0.0722011611;1.0459005774;26.4526341036;-0.2405577777;
88.6113002468;;;0.0745488998;1.0430864875;26.6919292668;-0.2392951632;
89.5744468812;;;0.0768931645;1.0400397989;26.9298565865;-0.2379273197;
90.5319715723;;;0.0792340407;1.0367587318;27.1663108818;-0.2364542954;
91.4836414726;;;0.0815716174;1.0332415177;27.4011871033;-0.2348762215;
92.4292218903;;;0.0839059874;1.0294864051;27.6343804196;-0.2331933163;
93.3684763088;;;0.0862372466;1.0254916651;27.8657863088;-0.2314058892;
94.3011664115;;;0.0885654947;1.0212555974;28.0953006539;-0.2295143451;
95.2270521139;;;0.0908908346;1.016776537;28.3228198427;-0.2275191888;
96.1458916012;;;0.093213373;1.0120528604;28.5482408722;-0.2254210294;
97.057441374;;;0.0955332195;1.0070829923;28.7714614568;-0.2232205846;
97.9614562996;;;0.0978504874;1.001865413;28.9923801415;-0.2209186847;
98.8576896717;;;0.100165293;0.9963986651;29.2108964189;-0.2185162774;
99.7458932769;;;0.1024777561;0.9906813613;29.4269108505;-0.2160144316;
100.6258174691;;;0.1047879996;0.9847121918;29.6403251921;-0.2134143416;
101.4972112521;;;0.1070961494;0.9784899323;29.8510425233;-0.2107173312;
102.3598223693;;;0.1094023346;0.9720134518;30.0589673804;-0.2079248571;
103.2133974028;;;0.1117066874;0.9652817209;30.2640058937;-0.2050385133;
104.0576818799;;;0.1140093428;0.9582938199;30.4660659273;-0.2020600336;
104.8924203888;;;0.1163104388;0.9510489477;30.6650572228;-0.1989912955;
105.7173567027;;;0.1186101162;0.9435464301;30.8608915458;-0.195834323;
106.5322339128;;;0.1209085184;0.9357857285;31.0534828349;-0.192591289;
107.3367945701;;;0.1232057918;0.927766449;31.2427473528;-0.189264518;
108.130780836;;;0.1255020851;0.9194883511;31.4286038403;-0.1858564875;
108.913934643;;;0.1277975498;0.9109513567;31.6109736707;-0.1823698304;
109.6859978629;;;0.1300923396;0.9021555594;31.789781006;-0.1788073353;
110.4467124856;;;0.1323866107;0.8931012335;31.9649529539;-0.1751719479;
111.1958208067;;;0.1346805216;0.8837888427;32.1364197249;-0.171466771;
111.9330656237;;;0.136974233;0.87421905;32.3041147887;-0.1676950639;
112.6581904422;;;0.1392679076;0.864392726;32.4679750308;-0.1638602421;
113.3709396907;;;0.1415617102;0.8543109587;32.6279409066;-0.1599658758;
114.0710589449;;;0.1438558075;0.8439750616;32.7839565943;-0.1560156877;
114.7582951604;;;0.146150368;0.8333865836;32.9359701449;-0.1520135506;
115.432396915;;;0.1484455621;0.8225473167;33.0839336291;-0.1479634842;
116.0931146589;;;0.1507415615;0.8114593054;33.2278032802;-0.1438696511;
116.7402009743;;;0.1530385397;0.800124855;33.3675396325;-0.1397363523;
117.3734108423;;;0.1553366715;0.7885465396;33.5031076543;-0.1355680218;
117.9925019194;;;0.157636133;0.7767272101;33.6344768751;-0.1313692208;
118.5972348204;;;0.1599371017;0.7646700026;33.7616215057;-0.1271446307;
119.1873734098;;;0.1622397558;0.7523783452;33.8845205517;-0.1228990459;
119.7626851003;;;0.1645442748;0.7398559653;34.0031579173;-0.1186373656;
120.3229411582;;;0.1668508391;0.7271068971;34.1175225017;-0.1143645844;
120.8679170158;;;0.1691596297;0.7141354873;34.2276082849;-0.1100857832;
121.397392589;;;0.1714708283;0.7009464015;34.333414403;-0.1058061182;
121.911152602;;;0.173784617;0.6875446301;34.4349452131;-0.1015308101;
122.4089869166;;;0.1761011786;0.6739354932;34.5322103454;-0.0972651323;
122.8906908664;;;0.178420696;0.6601246457;34.6252247431;-0.0930143978;
123.3560655953;;;0.1807433521;0.6461180811;34.7140086897;-0.0887839466;
123.8049184005;;;0.1830693302;0.6319221354;34.798587821;-0.0845791313;
124.2370630777;;;0.1853988133;0.6175434905;34.878993124;-0.080405303;
124.6523202696;;;0.1877319842;0.6029891762;34.9552609199;-0.0762677959;
125.0505178166;;;0.1900690255;0.5882665725;35.0274328321;-0.0721719122;
125.4314911082;;;0.1924101193;0.5733834109;35.0955557375;-0.0681229054;
125.7950834358;;;0.1947554469;0.5583477745;35.1596817022;-0.0641259646;
126.1411463451;;;0.1971051892;0.5431680984;35.2198678994;-0.0601861972;
126.4695399877;;;0.1994595261;0.5278531687;35.2761765112;-0.0563086118;
126.7801334719;;;0.2018186366;0.5124121209;35.3286746126;-0.0524981014;
127.0728052106;;;0.2041826987;0.4968544373;35.3774340378;-0.0487594252;
127.347443266;;;0.2065518888;0.4811899443;35.4225312297;-0.0450971919;
127.6039456918;;;0.2089263825;0.4654288082;35.4640470712;-0.0415158415;
127.8422208689;;;0.2113063534;0.4495815305;35.5020666997;-0.0380196285;
128.0621878374;;;0.2136919738;0.4336589423;35.5366793041;-0.0346126044;
128.2637766209;;;0.2160834143;0.4176721978;35.5679779051;-0.0312986009;
128.4469285447;;;0.2184808433;0.4016327671;35.5960591185;-0.0280812134;
128.611596545;;;0.2208844276;0.3855524279;35.6210229037;-0.0249637852;
128.7577454701;;;0.2232943315;0.3694432566;35.6429722953;-0.0219493916;
128.8853523712;;;0.2257107173;0.3533176184;35.6620131212;-0.0190408259;
128.9944067827;;;0.2281337448;0.3371881564;35.6782537061;-0.0162405849;
129.0849109914;;;0.2305635713;0.3210677799;35.6918045623;-0.0135508562;
129.1568802922;;;0.2330003514;0.3049696522;35.7027780683;-0.010973506;
129.210343232;;;0.2354442369;0.2889071767;35.7112881363;-0.008510068;
129.2453418381;;;0.2378953769;0.2728939831;35.7174498706;-0.0061617343;
129.2619318329;;;0.2403539172;0.256943912;35.7213792167;-0.0039293461;
129.2601828316;;;0.2428200005;0.2410709993;35.7231926037;-0.001813387;
129.2401785244;;;0.2452937663;0.2252894591;35.7230065813;0.0001860224;
129.2020168403;;;0.2477753507;0.2096136666;35.7209374519;0.0020691294;
129.1458100937;;;0.250264886;0.1940581394;35.7171009011;0.0038365508;
129.0716851114;;;0.2527625011;0.1786375189;35.7116116265;0.0054892746;
128.9797833406;;;0.2552683211;0.1633665502;35.7045829679;0.0070286586;
128.8702609359;;;0.2577824669;0.1482600622;35.6961265396;0.0084564283;
128.7432888262;;;0.2603050557;0.133332946;35.6863518679;0.0097746718;
128.5990527596;;;0.2628362004;0.1186001338;35.6753660336;0.0109858342;
128.4377533263;;;0.2653760096;0.1040765763;35.6632733241;0.0120927095;
128.2596059589;;;0.2679245875;0.0897772201;35.6501748942;0.0130984299;
128.0648409101;;;0.2704820339;0.0757169851;35.6361684392;0.014006455;
127.8537032061;;;0.2730484438;0.0619107398;35.6213478815;0.0148205576;
127.626452577;;;0.2756239076;0.0483732785;35.6058030732;0.0155448083;
127.3833633624;;;0.2782085108;0.0351192962;35.5896195148;0.0161835584;
127.1247243932;;;0.2808023338;0.0221633646;35.5728780938;0.016741421;
126.850838848;;;0.2834054523;0.0095199071;35.5556548436;0.0172232502;
126.5676177377;;;0.2860179364;0.0027968262;35.5380207244;0.0176341192;
126.2937506694;;;0.2886398511;0.0147727828;35.5200414278;0.0179792966;
126.0288735471;;;0.291271256;0.0263941336;35.5017772065;0.0182642213;
125.7726086392;;;0.2939122053;0.0376472974;35.4832827302;0.0184944763;
125.5245648574;;;0.2965627473;0.0485189655;35.4646069692;0.018675761;
125.2843380593;;;0.299222925;0.0589961269;35.4457931062;0.018813863;
125.051511376;;;0.3018927753;0.0690660921;35.4268784775;0.0189146287;
124.8256555641;;;0.3045723295;0.0787165176;35.4078945443;0.0189839332;
124.6063293811;;;0.3072616126;0.0879354295;35.3888668949;0.0190276494;
124.3930799842;;;0.3099606437;0.0967112468;35.3698152774;0.0190516175;
124.1854433524;;;0.3126694358;0.105032804;35.3507536641;0.0190616133;
123.9829447303;;;0.3153879956;0.1128893735;35.3316903472;0.0190633169;
123.7850990939;;;0.3181163235;0.1202706871;35.3126280653;0.0190622819;
123.591411637;;;0.3208544135;0.1271669566;35.2935641614;0.019063904;
123.4013782784;;;0.3236022531;0.1335688945;35.2744907702;0.0190733911;
123.2144861879;;;0.3263598232;0.1394677327;35.2553950367;0.0190957335;
123.0302143307;;;0.3291270981;0.1448552409;35.2362593617;0.019135675;
122.8480340298;;;0.3319040456;0.1497237447;35.2170616768;0.019197685;
122.6674095446;;;0.3346906264;0.1540661412;35.1977757443;0.0192859324;
122.4877986648;;;0.3374867946;0.1578759149;35.1783714839;0.0194042604;
122.3086533194;;;0.3402924975;0.161147152;35.1588153214;0.0195561625;
122.129420198;;;0.343107675;0.1638745536;35.13907056;0.0197447613;
121.9495413848;;;0.3459322606;0.1660534475;35.119097772;0.019972788;
121.7684550034;;;0.3487661804;0.167679799;35.0988552072;0.0202425649;
121.5855958707;;;0.3516093534;0.1687502207;35.078299218;0.0205559891;
121.4003961595;;;0.3544616916;0.1692619804;35.0573846985;0.0209145196;
121.2122860683;;;0.3573230996;0.1692130084;35.0360655331;0.0213191653;
121.0206944957;;;0.3601934751;0.1686019024;35.0142950563;0.0217704768;
120.8250497202;;;0.3630727081;0.1674279326;34.9920265165;0.0222685398;
120.6247800821;;;0.3659606818;0.1656910438;34.9692135451;0.0228129714;
120.4193146674;;;0.3688572718;0.1633918571;34.9458106262;0.023402919;
120.2080839911;;;0.3717623463;0.16053167;34.9217735646;0.0240370616;
119.9905206798;;;0.3746757662;0.1571124549;34.8970599504;0.0247136141;
119.7660601513;;;0.3775973852;0.1531368567;34.8716296165;0.0254303339;
119.5341412898;;;0.3805270494;0.1486081879;34.8454450869;0.0261845297;
119.2942071163;;;0.3834645975;0.143530424;34.818472013;0.0269730739;
119.0457054511;;;0.386409861;0.1379081958;34.7906795965;0.0277924165;
118.788089569;;;0.3893626636;0.1317467815;34.762040995;0.0286386015;
118.5208188441;;;0.3923228221;0.1250520972;34.732533709;0.029507286;
118.2433593845;;;0.3952901455;0.1178306859;34.7021399475;0.0303937615;
117.955184654;;;0.3982644356;0.1100897052;34.6708469712;0.0312929762;
117.6557760815;;;0.4012454869;0.1018369143;34.6386474104;0.0321995609;
117.3446236542;;;0.4042330862;0.093080659;34.6055395554;0.033107855;
117.021226497;;;0.4072270135;0.0838298563;34.5715276201;0.0340119353;
116.6850934333;;;0.4102270411;0.0740939774;34.5366219743;0.0349056458;
116.3357435292;;;0.4132329342;0.06388303;34.5008393459;0.0357826284;
115.9727066178;;;0.4162444507;0.0532075394;34.4642029904;0.0366363555;
115.5955238046;;;0.4192613416;0.0420785283;34.4267428279;0.0374601624;
115.2037479512;;;0.4222833503;0.0305074968;34.3884955464;0.0382472815;
114.796944138;;;0.4253102136;0.0185064004;34.3495046704;0.038990876;
114.3746901047;;;0.4283416609;0.0060876276;34.3098205957;0.0396840747;
113.950048712;;;0.431377415;0.0067360224;34.2695005893;0.0403200063;
113.5355828843;;;0.4344171916;0.0199513639;34.2286087555;0.0408918338;
113.1316670335;;;0.4374606995;0.0335448487;34.1872159669;0.0413927886;
112.7386619831;;;0.4405076411;0.0475025907;34.1453997627;0.0418162042;
112.3569146619;;;0.4435577118;0.0618103906;34.1032442139;0.0421555488;
111.9867578232;;;0.4466106006;0.0764537619;34.0608397563;0.0424044577;
111.6285097892;;;0.4496659901;0.0914179561;34.0182829923;0.042556764;
111.2824742216;;;0.4527235564;0.1066879888;33.9756764635;0.0426065287;
110.9489399177;;;0.4557829694;0.1222486655;33.9331283946;0.0425480689;
110.6281806324;;;0.4588438928;0.1380846075;33.8907524099;0.0423759847;
110.3204549266;;;0.4619059843;0.1541802785;33.848667225;0.0420851849;
110.0260060406;;;0.4649688958;0.1705200098;33.8069963145;0.0416709105;
109.7450617942;;;0.4680322731;0.1870880266;33.7658675582;0.0411287563;
109.4778345109;;;0.4710957566;0.2038684732;33.7254128673;0.0404546909;
109.2245209684;;;0.474158981;0.2208454385;33.6857677924;0.0396450749;
108.9853023732;;;0.4772215757;0.2380029806;33.6470711163;0.0386966761;
108.7603443598;;;0.480283165;0.2553251516;33.6094644323;0.037606684;
108.5497970136;;;0.4833433678;0.2727960216;33.5730917117;0.0363727206;
108.3537949171;;;0.4864017982;0.2903997016;33.5380988611;0.0349928506;
108.1724572188;;;0.4894580657;0.3081203674;33.5046332731;0.033465588;
108.0058877245;;;0.4925117749;0.3259422807;33.4728433711;0.031789902;
107.8541750097;;;0.4955625263;0.3438498114;33.4428781518;0.0299652193;
107.7173925522;;;0.4986099158;0.3618274584;33.4148867263;0.0279914255;
107.5955988857;;;0.5016535355;0.379859869;33.3890178624;0.0258688639;
107.4888377711;;;0.5046929735;0.3979318588;33.36541953;0.0235983324;
107.3971383867;;;0.5077278142;0.4160284298;33.3442384518;0.0211810783;
107.3205155358;;;0.5107576387;0.4341347878;33.32561966;0.0186187918;
107.2589698701;;;0.5137820246;0.4522363588;33.3097060627;0.0159135973;
107.2124881286;;;0.5168005465;0.470318805;33.2966380198;0.013068043;
107.1810433915;;;0.5198127762;0.4883680391;33.2865529305;0.0100850892;
107.1645953467;;;0.5228182828;0.506370238;33.2795848352;0.0069680954;
107.1630905691;;;0.525816633;0.5243118555;33.2758640302;0.0037208049;
107.1764628115;;;0.5288073914;0.5421796338;33.2755167001;0.0003473301;
107.2046333052;;;0.5317901206;0.5599606143;33.2786645654;-0.0031478653;
107.2475110708;;;0.5347643814;0.577642147;33.285424549;-0.0067599836;
107.3049932365;;;0.5377297332;0.5952118988;33.2959084609;-0.0104839119;
107.3769653638;;;0.5406857343;0.6126578616;33.3102227026;-0.0143142417;
107.4633017801;;;0.5436319418;0.6299683582;33.3284679911;-0.0182452885;
107.5638659156;;;0.5465679123;0.6471320478;33.3507391039;-0.0222711128;
107.6785106445;;;0.5494932018;0.6641379307;33.3771246443;-0.0263855403;
107.80707863;;;0.5524073662;0.6809753518;33.4077068277;-0.0305821834;
107.9494026709;;;0.5553099615;0.6976340024;33.4425612899;-0.0348544622;
108.1053060496;;;0.5582005438;0.7141039224;33.4817569156;-0.0391956257;
108.2746028801;;;0.5610786701;0.7303755006;33.5253556886;-0.043598773;
108.4570984559;;;0.5639438982;0.7464394741;33.5734125623;-0.0480568737;
108.6525895959;;;0.5667957872;0.7622869272;33.6259753515;-0.0525627892;
108.8608649881;;;0.5696338974;0.7779092895;33.6830846436;-0.0571092921;
109.0817055296;;;0.572457791;0.7932983325;33.7447737304;-0.0616890868;
109.3148846634;;;0.5752670322;0.808446166;33.8110685583;-0.0662948279;
109.5601687094;;;0.5780611876;0.8233452336;33.8819876976;-0.0709191393;
109.8173171902;;;0.5808398264;0.8379883072;33.9575423293;-0.0755546316;
110.0860831511;;;0.5836025206;0.8523684815;34.0377362492;-0.0801939199;
110.3662134721;;;0.5863488456;0.8664791667;34.1225658889;-0.0848296397;
110.6574491736;;;0.5890783801;0.8803140815;34.2120203517;-0.0894544628;
110.9595257124;;;0.5917907067;0.8938672455;34.3060814635;-0.0940611118;
111.2721732705;;;0.5944854122;0.9071329703;34.4047238377;-0.0986423742;
111.5951170338;;;0.5971620876;0.9201058509;34.5079149528;-0.103191115;
111.9280774611;;;0.5998203288;0.9327807561;34.6156152423;-0.1077002895;
112.2707705434;;;0.6024597367;0.9451528191;34.7277781958;-0.1121629536;
112.6229080527;;;0.6050799174;0.9572174267;34.8443504704;-0.1165722745;
112.9841977793;;;0.6076804828;0.9689702094;34.9652720107;-0.1209215403;
113.3543437591;;;0.6102610504;0.9804070302;35.0904761786;-0.1252041679;
113.7330464885;;;0.6128212443;0.9915239737;35.2198898897;-0.1294137111;
114.1200031284;;;0.6153606948;1.0023173347;35.3534337565;-0.1335438669;
114.5149076961;;;0.6178790393;1.0127836071;35.4910222383;-0.1375884818;
114.9174512458;;;0.6203759222;1.0229194719;35.6325637952;-0.1415415568;
115.3273220366;;;0.6228509952;1.032721786;35.777961047;-0.1453972519;
115.7442056889;;;0.625303918;1.0421875703;35.9271109364;-0.1491498893;
116.1677853294;;;0.6277343579;1.0513139983;36.0799048936;-0.1527939572;
116.5977417228;;;0.6301419908;1.0600983842;36.2362290052;-0.1563241116;
117.0337533932;;;0.6325265012;1.0685381716;36.3959641835;-0.1597351783;
117.475496733;;;0.6348875823;1.0766309221;36.5589863376;-0.1630221541;
117.9226461009;;;0.6372249364;1.0843743043;36.7251665453;-0.1661802077;
118.374873908;;;0.6395382754;1.0917660824;36.8943712256;-0.1692046803;
118.8318506932;;;0.6418273209;1.0988041061;37.0664623108;-0.1720910853;
119.2932451884;;;0.6440918042;1.1054862995;37.241297419;-0.1748351082;
119.7587243729;;;0.6463314672;1.1118106516;37.4187300252;-0.1774326062;
120.2279535172;;;0.6485460619;1.1177752062;37.5986096326;-0.1798796074;
120.700596219;;;0.6507353513;1.1233780531;37.7807819425;-0.1821723099;
121.176314428;;;0.6528991094;1.1286173185;37.9650890238;-0.1843070813;
121.6547684641;;;0.6550371213;1.1334911574;38.1513694808;-0.186280457;
122.1356170256;;;0.6571491836;1.1379977451;38.3394586213;-0.1880891405;
122.6185171915;;;0.6592351046;1.1421352706;38.5291886226;-0.1897300013;
123.103124416;;;0.6612947047;1.1459019292;38.7203886978;-0.1912000753;
123.5890925168;;;0.6633278161;1.149295917;38.9128852616;-0.1924965638;
124.0760736583;;;0.6653342837;1.1523154252;39.1065020951;-0.1936168334;
124.563718329;;;0.6673139649;1.1549586355;39.3010605115;-0.1945584164;
125.0516753155;;;0.6692667296;1.1572237161;39.496379522;-0.1953190105;
125.5395916728;;;0.6711924609;1.1591088182;39.6922760025;-0.1958964805;
126.0271126918;;;0.6730910551;1.1606120742;39.8885648609;-0.1962888584;
126.5138818656;;;0.6749624216;1.1617315954;40.0850592072;-0.1964943463;
126.9995408542;;;0.6768064834;1.162465472;40.2815705244;-0.1965113172;
127.4837294495;;;0.6786231771;1.1628117723;40.4779088433;-0.1963383189;
127.9660855411;;;0.680412453;1.1627685447;40.6738829192;-0.1959740759;
128.4462450845;;;0.6821742756;1.162333819;40.8693004134;-0.1954174942;
128.9238420713;;;0.6839086231;1.1615056098;41.0639680779;-0.1946676646;
129.3985085034;;;0.6856154882;1.1602819203;41.257691946;-0.1937238681;
129.869874373;;;0.6872948776;1.1586607472;41.450277527;-0.192585581;
130.3375676474;;;0.6889468125;1.1566400869;41.6415300081;-0.1912524811;
130.8012142613;;;0.6905713288;1.1542179428;41.8312544621;-0.1897244539;
131.2604381176;;;0.6921684767;1.151392333;42.0192560619;-0.1880015998;
131.7148610966;;;0.6937383212;1.1481613002;42.2053403034;-0.1860842415;
132.1641030766;;;0.6952809419;1.1445229219;42.3893132359;-0.1839729326;
132.6077819656;;;0.6967964331;1.1404753221;42.5709817012;-0.1816684653;
133.0455137456;;;0.6982849043;1.1360166843;42.7501535816;-0.1791718803;
133.4769125313;;;0.6997464794;1.1311452651;42.926638057;-0.1764844755;
133.901590644;;;0.7011812974;1.1258594101;43.1002458727;-0.1736078157;
134.3191587014;;;0.7025895121;1.1201575695;43.2707896157;-0.170543743;
134.7292257259;;;0.7039712921;1.1140383166;43.4380840023;-0.1672943866;
135.131399271;;;0.7053268212;1.1075003663;43.6019461751;-0.1638621728;
135.5252855685;;;0.7066562977;1.1005425952;43.7621960109;-0.1602498358;
135.9104896966;;;0.7079599349;1.093164063;43.9186564385;-0.1564604276;
136.2866157711;;;0.7092379609;1.0853640353;44.0711537663;-0.1524973277;
136.6532671598;;;0.7104906184;1.0771420071;44.2195180198;-0.1483642535;
137.0100467229;;;0.7117181649;1.068497728;44.3635832889;-0.144065269;
137.3565570789;;;0.7129208724;1.0594312284;44.5031880826;-0.1396047937;
137.6924008982;;;0.7140990277;1.0499428469;44.6381756936;-0.134987611;
138.0171812252;;;0.7152529317;1.0400332587;44.7683945683;-0.1302188748;
138.3305018305;;;0.7163828997;1.0297035051;44.8936986849;-0.1253041166;
138.6319675935;;;0.7174892614;1.0189550245;45.0139479348;-0.1202492499;
138.9211849168;;;0.7185723605;1.0077896838;45.1290085095;-0.1150605747;
139.1977621735;;;0.7196325546;0.9962098113;45.2387532888;-0.1097447793;
139.4613101886;;;0.7206702152;0.9842182302;45.3430622306;-0.1043089418;
139.7114427541;;;0.7216857273;0.9718182928;45.441822759;-0.0987605284;
139.9477771804;;;0.7226794898;0.9590139161;45.5349301501;-0.0931073911;
140.1699348832;;;0.7236519145;0.9458096174;45.6222879118;-0.0873577618;
140.3775420074;;;0.7246034267;0.9322105508;45.7038081577;-0.0815202458;
140.5702300877;;;0.7255344644;0.9182225447;45.7794119691;-0.0756038114;
140.7476367475;;;0.7264454786;0.9038521384;45.8490297468;-0.0696177777;
140.9094064353;;;0.7273369327;0.8891066205;45.9126015457;-0.0635717989;
141.0551911993;;;0.7282093025;0.8739940665;45.9700773926;-0.0574758469;
141.1846515;;;0.7290630761;0.8585233768;46.021417582;-0.0513401894;
141.2974570611;;;0.7298987531;0.8427043142;46.0665929484;-0.0451753664;
141.3932877579;;;0.7307168453;0.8265475421;46.1055851105;-0.038992162;
141.4718345435;;;0.7315178753;0.8100646609;46.1383866846;-0.0328015741;
141.5328004111;;;0.7323023774;0.793268245;46.165001465;-0.0266147804;
141.5759013931;;;0.7330708965;0.7761718785;46.1854445655;-0.0204431005;
141.6008675947;;;0.7338239882;0.7587901899;46.1997425216;-0.0142979561;
141.607444262;;;0.7345622184;0.7411388856;46.207933348;-0.0081908265;
141.5953928815;;;0.7352861632;0.7232347827;46.2100665499;-0.0021332019;
141.5644923124;;;0.7359964083;0.7050958391;46.2062030834;0.0038634666;
141.5145399462;;;0.7366935491;0.6867411828;46.1964152639;0.0097878194;
141.4453528946;;;0.73737819;0.6681911384;46.1807866194;0.0156286445;
141.3567692021;;;0.7380509444;0.6494672519;46.1594116854;0.021374934;
141.2486490802;;;0.7387124344;0.6305923126;46.1323957409;0.0270159445;
141.1208761623;;;0.7393632902;0.6115903722;46.0998544837;0.0325412572;
140.9733587738;;;0.7400041498;0.5924867613;46.0619136426;0.0379408411;
140.8060312163;;;0.7406356593;0.5733081018;46.0187085282;0.0432051144;
140.618855061;;;0.7412584717;0.5540823164;45.97038352;0.0483250083;
140.4118204478;;;0.7418732472;0.5348386341;45.9170914915;0.0532920285;
140.1849473864;;;0.7424806525;0.515607591;45.8589931751;0.0580983164;
139.9382870536;;;0.7430813608;0.496421028;45.7962564675;0.0627367077;
139.6719230844;;;0.7436760511;0.4773120818;45.7290556789;0.0672007886;
139.3859728496;;;0.7442654082;0.4583151734;45.6575707303;0.0714849486;
139.0805887167;;;0.7448501221;0.4394659892;45.581986302;0.0755844283;
138.7559592867;;;0.7454308879;0.4208014579;45.5024909396;0.0794953625;
138.412310603;;;0.7460084051;0.4023597215;45.4192761231;0.0832148165;
138.0499073251;;;0.7465833778;0.3841800999;45.3325353072;0.0867408159;
137.669053861;;;0.7471565139;0.3663030498;45.2424629397;0.0900723675;
137.2700954533;;;0.7477285246;0.348770117;45.1492534677;0.093209472;
136.8534192104;;;0.7483001249;0.331623882;45.0531003417;0.096153126;
136.4194550772;;;0.7488720324;0.3149078992;44.9541950283;0.0989053134;
135.9686767384;;;0.7494449672;0.2986666284;44.8527260429;0.1014689854;
135.5016024467;;;0.7500196518;0.2829453601;44.7488780152;0.1038480277;
135.0187957695;;;0.7505968106;0.2677901334;44.6428308012;0.106047214;
134.520866246;;;0.7511771694;0.2532476459;44.5347586544;0.1080721468;
134.0084699479;;;0.7517614554;0.2393651573;44.4248294716;0.1099291828;
133.4823099361;;;0.7523503965;0.2261903847;44.3132041279;0.1116253437;
132.9431366063;;;0.7529447212;0.2137713915;44.2000359154;0.1131682126;
132.3917479161;;;0.7535451584;0.2021564681;44.0854701009;0.1145658145;
131.8289894857;;;0.7541524366;0.1913940062;43.9696436185;0.1158264824;
131.2557545665;;;0.754767284;0.1815323649;43.8526849103;0.1169587082;
130.6729838694;;;0.7553904282;0.1726197311;43.7347139305;0.1179709798;
130.0816652465;;;0.7560225954;0.1647039725;43.6158423259;0.1188716046;
129.4828332198;;;0.7566645106;0.157832484;43.4961738058;0.11966852;
128.8775683509;;;0.7573168972;0.1520520282;43.3758047124;0.1203690935;
128.2669964448;;;0.7579804763;0.1474085703;43.2548248002;0.1209799122;
127.6522875846;;;0.758655967;0.1439471068;43.1333182357;0.1215065645;
127.034654989;;;0.7593440855;0.1417114899;43.0113648199;0.1219534159;
126.415353691;;;0.7600455453;0.1407442473;42.8890414395;0.1223233804;
125.7956790322;;;0.7607610565;0.1410863977;42.7664237483;0.1226176913;
125.1769649693;;;0.761491326;0.1427772632;42.6435880757;0.1228356726;
124.5605821918;;;0.7622370567;0.1458542791;42.52061356;0.1229745157;
123.9479360456;;;0.7629989474;0.1503528012;42.3975844972;0.1230290628;
123.3404642654;;;0.7637776928;0.1563059126;42.2745928952;0.1229916021;
122.7396345117;;;0.7645739828;0.163744229;42.1517412185;0.1228516767;
122.1469417144;;;0.7653885026;0.1726957053;42.0291453061;0.1225959123;
121.5639052247;;;0.7662219321;0.1831854425;41.9069374396;0.1222078666;
120.9920657764;;;0.7670749461;0.1952354977;41.785269536;0.1216679036;
120.4329822591;;;0.7679482135;0.2088646962;41.6643164372;0.1209530987;
119.8882283097;;;0.7688423976;0.2240884482;41.5442792618;0.1200371754;
119.3593887246;;;0.7697581553;0.2409185702;41.4253887825;0.1188904793;
118.8480557;;;0.7706961374;0.2593631127;41.3079087904;0.1174799921;
118.3558249071;;;0.771656988;0.2794261951;41.1921394024;0.115769388;
117.8842914107;;;0.7726413445;0.3011078481;41.0784202657;0.1137191368;
117.4350454395;;;0.7736498372;0.324403866;40.967133611;0.1112866547;
117.0096680193;;;0.7746830894;0.3493056692;40.8587071057;0.1084265053;
116.6097264805;;;0.7757417165;0.3758001777;40.7536164531;0.1050906526;
116.2367698507;;;0.7768263268;0.4038696969;40.6523876868;0.1012287663;
115.8923241482;;;0.7779375203;0.4334918178;40.5555991063;0.0967885805;
115.5778875893;;;0.7790758892;0.4646393303;40.4638828022;0.0917163041;
115.2949257246;;;0.7802420174;0.4972801527;40.3779257186;0.0859570835;
115.0448665218;;;0.7814364805;0.5313772777;40.2984702045;0.0794555142;
114.8290954114;;;0.7826598453;0.5668887349;40.2263140051;0.0721561994;
114.6489503138;;;0.7839126698;0.6037675722;40.1623096528;0.0640043523;
114.5057166656;;;0.7851955033;0.6419618552;40.1073632151;0.0549464376;
114.400622467;;;0.7865088857;0.681414687;40.0624323685;0.0449308467;
114.3348333671;;;0.7878533476;0.7220642477;40.0285237672;0.0339086013;
114.3094478114;;;0.7892294103;0.7638438546;40.0066896881;0.0218340791;
114.3254922699;;;0.7906375854;0.8066820439;39.9980239351;0.008665753;
114.3839165689;;;0.7920783745;0.8505026735;40.0036569977;-0.0056330626;
114.4855893475;;;0.7935522696;0.8952250482;40.0247504666;-0.0210934689;
114.6312936616;;;0.7950597524;0.9407640664;40.0624907161;-0.0377402496;
114.8217227563;;;0.7966012942;0.9870303889;40.1180818769;-0.0555911607;
115.0574760299;;;0.7981773563;1.0339306299;40.1927381265;-0.0746562496;
115.3390552101;;;0.7997883889;1.0813675691;40.2876753416;-0.0949372151;
115.6668607644;;;0.8014348321;1.1292403864;40.4041021602;-0.1164268187;
116.0411885657;;;0.8031171146;1.1774449159;40.5432105163;-0.139108356;
116.4622268332;;;0.8048356545;1.2258739221;40.706165715;-0.1629551988;
116.9300533686;;;0.8065908587;1.2744173942;40.894096131;-0.187930416;
117.4446331062;;;0.8083831228;1.3229628603;41.1080826147;-0.2139864837;
118.0058159947;;;0.8102128309;1.3713957194;41.3491477056;-0.2410650909;
118.6133352285;;;0.8120803558;1.4195995895;41.6182447547;-0.269097049;
119.2668058421;;;0.8139860584;1.467456672;41.9162470648;-0.2980023102;
119.9657236845;;;0.8159302879;1.5148481303;42.2439371655;-0.3276901006;
120.7094647842;;;0.8179133817;1.5616544813;42.6019963381;-0.3580591726;
121.497285117;;;0.8199356648;1.6077559976;42.9909945138;-0.3889981757;
122.3283207868;;;0.8219974504;1.6530331201;43.4113806645;-0.4203861508;
123.201588626;;;0.824099039;1.6973668782;43.8634738081;-0.4520931436;
124.1159872229;;;0.8262407188;1.7406393157;44.3474547456;-0.4839809375;
125.0702983795;;;0.8284227653;1.7827339219;44.8633586457;-0.5159039001;
126.0631890018;;;0.8306454415;1.8235360638;45.4110685853;-0.5477099396;
127.0932134234;;;0.8329089971;1.8629334186;45.9903101468;-0.5792415614;
128.1588161594;;;0.8352136691;1.9008164052;46.6006471655;-0.6103370187;
129.2583350888;;;0.8375596812;1.9370786105;47.2414787106;-0.6408315451;
130.3900050555;;;0.8399472439;1.9716172106;47.9120373683;-0.6705586577;
131.5519618838;;;0.842376554;2.0043333824;48.6113888873;-0.699351519;
132.742246795;;;0.8448477951;2.0351327062;49.3384332273;-0.72704434;
133.9588112133;;;0.8473611367;2.0639255551;50.0919070415;-0.7534738142;
135.1995219479;;;0.8499167346;2.0906274692;50.8703876041;-0.7784805627;
136.4621667319;;;0.8525147306;2.1151595145;51.6722981782;-0.8019105741;
137.7444601016;;;0.8551552521;2.1374486219;52.4959148038;-0.8236166256;
139.0440495954;;;0.8578384125;2.1574279062;53.3393744679;-0.8434596641;
140.3585222483;;;0.8605643103;2.1750369632;54.2006846005;-0.8613101326;
141.6854113606;;;0.8633330296;2.1902221419;55.0777338266;-0.877049226;
143.0222035126;;;0.8661446398;2.2029367918;55.9683038851;-0.8905700586;
144.3663458;;;0.8689991949;2.2131414823;56.8700826141;-0.901778729;
145.7152532606;;;0.8718967343;2.2208041949;57.7806778834;-0.9105952693;
147.066316463;;;0.8748372817;2.2259004841;58.6976323484;-0.916954465;
148.4169092266;;;0.8778208455;2.2284136092;59.6184388829;-0.9208065345;
149.7643964415;;;0.8808474184;2.2283346332;60.5405565422;-0.9221176594;
151.1061419548;;;0.8839169772;2.2256624905;61.4614268995;-0.9208703573;
152.4395164928;;;0.8870294829;2.2204040209;62.3784905924;-0.9170636929;
153.7619055837;;;0.8901848802;2.2125739712;63.2892039146;-0.9107133222;
155.0707174486;;;0.8933830976;2.2021949624;64.1910552843;-0.9018513697;
156.363390827;;;0.8966240468;2.1892974251;65.081581423;-0.8905261387;
157.6374027042;;;0.8999076229;2.1739195002;65.9583830828;-0.8768016598;
158.8902759074;;;0.9032337044;2.1561069075;66.8191401623;-0.8607570795;
160.119586538;;;0.9066021522;2.1359127829;67.661626061;-0.8424858986;
161.3229712102;;;0.9100128104;2.1133974826;68.4837211316;-0.8220950706;
162.4981340627;;;0.9134655053;2.0886283579;69.2834250994;-0.7997039678;
163.6428535174;;;0.9169600459;2.0616795006;70.058868331;-0.7754432315;
164.7549887544;;;0.9204962229;2.0326314599;70.8083218499;-0.7494535189;
165.8324858775;;;0.9240738094;2.0015709325;71.5302060126;-0.7218841627;
166.8733837458;;;0.9276925601;1.9685904285;72.2230977722;-0.6928917596;
167.8758194467;;;0.9313522114;1.9337879123;72.8857364789;-0.6626387066;
168.8380333895;;;0.9350524809;1.8972664237;73.5170281797;-0.6312917008;
169.7583740001;;;0.9387930677;1.8591336783;74.1160484032;-0.5990202236;
170.635301999;;;0.9425736517;1.8195016506;74.6820434283;-0.565995025;
171.4673942468;;;0.9463938937;1.7784861415;75.2144300569;-0.5323866287;
172.2533471451;;;0.9502534352;1.7362063335;75.7127939284;-0.4983638715;
172.9919795804;;;0.9541518982;1.6927843335;76.1768864273;-0.4640924989;
173.6822354041;;;0.9580888849;1.6483447086;76.6066202548;-0.4297338275;
174.3231854406;;;0.9620639778;1.6030140143;77.0020637464;-0.3954434915;
174.9140290214;;;0.9660767391;1.5569203199;77.3634340322;-0.3613702858;
175.4540950419;;;0.970126711;1.5101927315;77.6910891485;-0.3276551163;
175.9428425437;;;0.974213415;1.4629609168;77.9855192165;-0.2944300679;
176.3798608233;;;0.9783363525;1.4153546321;78.2473368144;-0.261817598;
176.7648690749;;;0.9824950038;1.3675032553;78.4772666746;-0.2299298602;
177.0977155732;;;0.9866888284;1.3195353268;78.6761348394;-0.1988681648;
177.3783764072;;;0.990917265;1.2715780991;78.8448574153;-0.1687225759;
177.6069537759;;;0.995179731;1.2237570996;78.9844290605;-0.1395716452;
177.78367386;;;0.9994756225;1.1761957066;79.0959113439;-0.1114822835;
177.9088842861;;;1.0038043141;1.1290147402;79.1804211074;-0.0845097635;
177.9830511993;;;1.0081651593;1.0823320725;79.2391189574;-0.0586978499;
178.0067559645;;;1.0125574894;1.0362622546;79.2731980081;-0.0340790507;
177.9806915158;;;1.0169806144;0.9909161657;79.2838729888;-0.0106749807;
177.9056583766;;;1.0214338224;0.9464006832;79.2723698167;0.011503172;
177.7825603735;;;1.0259163794;0.9028183763;79.2399157312;0.0324540855;
177.6124000668;;;1.0304275296;0.8602672229;79.1877300685;0.0521856626;
177.3962739236;;;1.0349664953;0.8188403521;79.117015749;0.0707143195;
177.1353672593;;;1.0395324765;0.7786258122;79.0289515329;0.0880642161;
176.8309489722;;;1.0441246513;0.7397063643;78.9246850917;0.1042664412;
176.4843660998;;;1.0487421756;0.7021593032;78.8053269258;0.1193581659;
176.0970382213;;;1.0533841832;0.6660563047;78.6719451503;0.1333817755;
175.6704517355;;;1.0580497858;0.6314633;78.5255611557;0.1463839946;
175.206154039;;;1.0627380731;0.5984403766;78.3671461414;0.1584150143;
174.7057476327;;;1.0674481126;0.5670417063;78.1976185056;0.1695276358;
174.1708841821;;;1.07217895;0.5373154994;78.0178420686;0.179776437;
173.6032585572;;;1.076929609;0.5093039841;77.8286250945;0.1892169741;
173.0046028775;;;1.0816990916;0.4830434119;77.6307200682;0.1979050262;
172.3766805864;;;1.0864863779;0.4585640869;77.4248241795;0.2058958887;
171.7212805785;;;1.0912904268;0.4358904188;77.2115804558;0.2132437237;
171.040211402;;;1.0961101753;0.4150409988;76.9915794842;0.2200009716;
170.3352955586;;;1.1009445396;0.3960286962;76.765361657;0.2262178272;
169.608363921;;;1.1057924146;0.3788607769;76.5334198718;0.2319417852;
168.8612502863;;;1.1106526743;0.3635390396;76.2962026174;0.2372172544;
168.0957860847;;;1.1155241723;0.3500599707;76.0541173746;0.2420852428;
167.3137952592;;;1.1204057417;0.3384149161;75.807534262;0.2465831127;
166.5170893312;;;1.1252961954;0.3285902674;75.5567898573;0.2507444047;
165.7074626668;;;1.1301943268;0.3205676624;75.3021911293;0.254598728;
164.8866879555;;;1.1350989095;0.3143241981;75.0440194146;0.2581717147;
164.0565119115;;;1.1400086982;0.3098326542;74.7825343813;0.2614850333;
163.2186512091;;;1.1449224287;0.3070617264;74.5179779232;0.2645564581;
162.3747886578;;;1.1498388186;0.3059762673;74.2505779332;0.26739999;
161.5265696248;;;1.1547565673;0.3065375343;73.9805519116;0.2700260216;
160.6755987104;;;1.1596743568;0.3087034424;73.7081103678;0.2724415439;
159.8234366787;;;1.1645908522;0.3124288205;73.4334599815;0.2746503863;
158.9715976474;;;1.1695047018;0.3176656706;73.1568064948;0.2766534867;
158.1215465367;;;1.1744145381;0.3243634273;72.8783573115;0.2784491833;
157.2746967768;;;1.1793189778;0.332469218;72.5983237867;0.2800335248;
156.4324082744;;;1.1842166229;0.3419281205;72.3169231947;0.281400592;
155.5959856326;;;1.1891060612;0.3526834194;72.034380368;0.2825428266;
154.7666766236;;;1.1939858664;0.3646768574;71.7509290069;0.2834513612;
153.9456709072;;;1.1988545994;0.377848883;71.4668126609;0.2841163459;
153.1340989902;;;1.2037108087;0.3921388918;71.1822853916;0.2845272694;
152.3330314208;;;1.2085530311;0.4074854617;70.8976121248;0.2846732668;
151.5434782092;;;1.2133797923;0.4238265806;70.61306871;0.2845434148;
150.7663884672;;;1.2181896079;0.4410998659;70.3289417013;0.2841270087;
150.0026502587;;;1.2229809841;0.4592427756;70.0455278823;0.283413819;
149.25309065;;;1.2277524183;0.4781928095;69.7631335547;0.2823943276;
148.5184759514;;;1.2325024002;0.4978877016;69.4820736159;0.2810599387;
147.7995121398;;;1.2372294126;0.5182656011;69.2026704492;0.2794031667;
147.0968454512;;;1.2419319321;0.5392652435;68.9252526518;0.2774177975;
146.4110631322;;;1.24660843;0.5608261111;68.6501536267;0.2750990251;
145.7426943403;;;1.2512573736;0.5828885817;68.3777100649;0.2724435619;
145.0922111804;;;1.2558772266;0.6053940668;68.1082603404;0.2694497244;
144.4600298677;;;1.2604664506;0.6282851379;67.8421428465;0.266117494;
143.8465120043;;;1.2650235055;0.6515056422;67.5796942923;0.2624485542;
143.2519659597;;;1.2695468512;0.6750008065;67.3212479864;0.2584463059;
142.6766483423;;;1.2740349479;0.6987173305;67.0671321249;0.2541158615;
142.120765553;;;1.2784862578;0.7226034685;66.8176681058;0.2494640191;
141.5844754081;;;1.2828992458;0.7466091009;66.5731688856;0.2444992202;
141.0678888225;;;1.2872723804;0.7706857948;66.3339373951;0.2392314905;
140.5710715416;;;1.2916041355;0.7947868547;66.1002650286;0.2336723664;
140.0940459138;;;1.2958929907;0.8188673628;65.872430218;0.2278348106;
139.6367926914;;;1.300137433;0.8428842106;65.6506971022;0.2217331158;
139.1992528536;;;1.3043359576;0.8667961198;65.4353143014;0.2153828008;
138.7813294404;;;1.3084870695;0.8905636563;65.2265138018;0.2088004996;
138.3828893908;;;1.3125892839;0.9141492343;65.0245099561;0.2020038458;
138.0037653757;;;1.3166411284;0.9375171134;64.8294986032;0.1950113529;
137.6437576202;;;1.3206411431;0.9606333876;64.6416563092;0.187842294;
137.3026357055;;;1.3245878828;0.9834659681;64.4611397293;0.1805165799;
136.9801403469;;;1.3284799173;1.0059845586;64.2880850901;0.1730546392;
136.6759851391;;;1.3323158334;1.0281606257;64.1226077901;0.1654773001;
136.389858266;;;1.3360942355;1.0499673623;63.9648021146;0.1578056754;
136.1214241664;;;1.3398137472;1.0713796477;63.8147410621;0.1500610525;
135.8703251553;;;1.3434730123;1.0923740012;63.6724762754;0.1422647868;
135.6361829925;;;1.3470706962;1.1129285334;63.5380380723;0.134438203;
135.418600398;;;1.3506054867;1.1330228922;63.4114355714;0.1266025009;
135.2171625089;;;1.3540760957;1.1526382066;63.2926569029;0.1187786686;
135.0314382762;;;1.3574812603;1.1717570276;63.1816695;0.1109874028;
134.8609817989;;;1.3608197436;1.1903632664;63.0784204633;0.1032490367;
134.7053335934;;;1.3640903364;1.2084421309;62.9828369894;0.095583474;
134.5640217958;;;1.367291858;1.2259800605;62.8948268577;0.0880101317;
134.4365632985;;;1.3704231576;1.2429646602;62.8142789681;0.0805478896;
134.3224648168;;;1.3734831152;1.2593846335;62.7410639213;0.0732150469;
134.2212238889;;;1.376470643;1.275229715;62.6750346357;0.0660292855;
134.1323298055;;;1.3793846864;1.290490603;62.6160269947;0.059007641;
134.0552644729;;;1.382224225;1.3051588924;62.5638605163;0.0521664784;
133.9895032069;;;1.3849882739;1.319227008;62.5183390409;0.0455214754;
133.9345154612;;;1.3876758846;1.332688139;62.479251431;0.0390876099;
133.8897654895;;;1.390286146;1.3455361742;62.4463722776;0.0328791533;
133.8547129433;;;1.3928181854;1.3577656392;62.4194626095;0.0269096682;
133.828813408;;;1.3952711696;1.3693716343;62.3982705998;0.0211920097;
133.8115188777;;;1.3976443061;1.3803497758;62.3825322683;0.0157383315;
133.802278172;;;1.3999368432;1.3906961375;62.3719721745;0.0105600938;
133.8005372969;;;1.4021480718;1.4004071966;62.3663041;0.0056680745;
133.8057397514;;;1.4042773258;1.4094797803;62.3652317181;0.001072382;
133.8173267848;;;1.4063239829;1.4179110163;62.3684492479;-0.0032175298;
133.8347376046;;;1.4082874656;1.4256982854;62.3756420941;-0.0071928463;
133.8574095411;;;1.4101672419;1.4328391783;62.3864874691;-0.0108453749;
133.8847781691;;;1.4119628258;1.4393314539;62.4006549992;-0.0141675301;
133.9162773932;;;1.4136737784;1.4451730024;62.4178073148;-0.0171523156;
133.9513394968;;;1.415299708;1.4503618116;62.4376006246;-0.0197933098;
133.9893951617;;;1.4168402712;1.454895936;62.459685276;-0.0220846514;
134.0298734594;;;1.4182951731;1.4587734708;62.4837063016;-0.0240210255;
134.0722018202;;;1.4196641681;1.4619925289;62.5093039548;-0.0255976533;
134.1158059827;;;1.42094706;1.4645512225;62.5361142366;-0.0268102818;
134.1601099283;;;1.4221437028;1.4664476484;62.5637694146;-0.027655178;
134.2045358051;;;1.4232540009;1.4676798776;62.5918985381;-0.0281291235;
134.2485038453;;;1.4242779092;1.4682459494;62.6201279515;-0.0282294134;
134.291432281;;;1.4252154339;1.4681438696;62.6480818089;-0.0279538574;
134.3327372624;;;1.4260666322;1.4673716135;62.675382593;-0.0273007841;
134.371832783;;;1.4268316127;1.4659271333;62.7016516411;-0.0262690481;
134.4081306174;;;1.4275105358;1.4638083702;62.7265096823;-0.0248580412;
134.4410402755;;;1.4281036132;1.4610132713;62.7495773879;-0.0230677055;
134.4699689785;;;1.4286111084;1.4575398113;62.7704759387;-0.0208985508;
134.4943216615;;;1.4290333363;1.4533860194;62.7888276127;-0.018351674;
134.5135010081;;;1.4293706637;1.4485500102;62.8042563957;-0.015428783;
134.5269075207;;;1.4296235085;1.4430300212;62.8163886167;-0.012132221;
134.5339396344;;;1.4297923399;1.4368244536;62.8248536127;-0.0084649961;
134.5339938758;;;1.4298776782;1.4299319196;62.8292844236;-0.0044308109;
134.5264650757;;;1.4298800942;1.4223512941;62.829318519;-3.40953927775445E-005;
134.5107466381;;;1.4298002093;1.4140817717;62.8245985602;0.0047199588;
134.4862308722;;;1.4296386948;1.4051229289;62.8147731966;0.0098253636;
134.452309392;;;1.4293962715;1.3954747912;62.7994978983;0.0152752982;
134.4083735884;;;1.4290737093;1.3851379058;62.7784358253;0.021062073;
134.3538151797;;;1.4286718269;1.3741134183;62.7512587315;0.0271770937;
134.2880268446;;;1.4281914906;1.3624031555;62.7176479041;0.0336108275;
134.2104029429;;;1.4276336143;1.3500097126;62.6772951351;0.0403527689;
134.1203403289;;;1.4269991584;1.3369365443;62.6299037247;0.0473914105;
134.0172392614;;;1.4262891292;1.3231880618;62.5751895097;0.054714215;
133.9005044161;;;1.4255045785;1.3087697331;62.5128819172;0.0623075925;
133.769546002;;;1.4246466019;1.2936881878;62.4427250346;0.0701568826;
133.6237809884;;;1.423716339;1.2779513255;62.3644786935;0.0782463411;
133.462634445;;;1.4227149718;1.2615684284;62.2779195581;0.0865591355;
133.2855409966;;;1.421643724;1.2445502756;62.1828422125;0.0950773455;
133.0919463987;;;1.4205038598;1.2269092619;62.079060238;0.1037819746;
132.8813092329;;;1.4192966833;1.2086595176;61.9664072696;0.1126529684;
132.6531027262;;;1.4180235372;1.1898170304;61.8447380246;0.121669245;
132.4068166936;;;1.4166858015;1.1703997689;61.7139292889;0.1308087357;
132.1419596069;;;1.4152848928;1.1504278061;61.5738808524;0.1400484364;
131.8580607875;;;1.4138222628;1.1299234434;61.4245163799;0.1493644725;
131.5546727233;;;1.4122993975;1.1089113332;61.2657842045;0.1587321753;
131.231373508;;;1.4107178154;1.0874186002;61.0976580321;0.1681261725;
130.8877694013;;;1.4090790669;1.0654749602;60.9201375418;0.1775204903;
130.5234975039;;;1.4073847326;1.0431128352;60.7332488715;0.1868886703;
130.1382285461;;;1.4056364222;1.0203674644;60.5370449733;0.1962038982;
129.7316697827;;;1.4038357729;0.9972770095;60.3316058285;0.2054391448;
129.3035679873;;;1.4019844487;0.9738826533;60.1170385096;0.2145673189;
128.8537125397;;;1.4000841384;0.9502286907;59.8934770783;0.2235614312;
128.3819385957;;;1.3981365544;0.9263626105;59.6610823119;0.2323947664;
127.8881303308;;;1.3961434317;0.9023351668;59.4200412491;0.2410410629;
127.372224244;;;1.3941065261;0.8782004392;59.1705665503;0.2494746988;
126.8342125103;;;1.3920276127;0.854015879;58.9128956709;0.2576708794;
126.2741463668;;;1.3899084849;0.8298423414;58.6472898448;0.2656058261;
125.692139516;;;1.387750953;0.8057441021;58.3740328836;0.2732569612;
125.0883715293;;;1.3855568421;0.7817888555;58.0934297965;0.2806030871;
124.463091232;;;1.3833279916;0.7580476943;57.8058052427;0.2876245538;
123.8166200481;;;1.381066253;0.7345950691;57.5115018291;0.2943034136;
123.149355284;;;1.3787734891;0.711508725;57.2108782744;0.3006235547;
122.4617733272;;;1.3764515721;0.6888696153;56.9043074617;0.3065708127;
121.7544327349;;;1.3741023823;0.66676179;56.5921744089;0.3121330528;
121.027977186;;;1.3717278071;0.6452722583;56.2748741901;0.3173002187;
120.2831382694;;;1.3693297392;0.6244908225;55.9528098466;0.3220643435;
119.5207380785;;;1.366910075;0.604509884;55.6263903293;0.3264195174;
118.7416915827;;;1.3644707139;0.5854242181;55.2960285217;0.3303618075;
117.9470087446;;;1.3620135565;0.5673307185;54.9621393944;0.3338891273;
117.13779635;;;1.3595405034;0.5503281087;54.6251383453;0.3370010491;
116.3152595184;;;1.3570534536;0.5345166219;54.2854397855;0.3396985598;
115.4807028607;;;1.3545543036;0.519997646;53.9434560302;0.3419837553;
114.6355312503;;;1.3520449462;0.5068733357;53.5995965561;0.3438594741;
113.7812501724;;;1.3495272685;0.4952461906;53.2542676863;0.3453288698;
112.91946562;;;1.3470031516;0.4852185992;52.9078727643;0.346394922;
112.0518835008;;;1.3444744688;0.4768923496;52.560812872;0.3470598922;
111.1803085236;;;1.3419430845;0.4703681073;52.2134881466;0.3473247255;
110.3066425318;;;1.3394108534;0.4657448616;51.8662997408;0.3471884058;
109.4328822538;;;1.336879619;0.4631193409;51.5196524666;0.3466472742;
108.5611164406;;;1.3343512125;0.4625853993;51.1739581499;0.3456943167;
107.6935223652;;;1.3318274521;0.4642333767;50.829639712;0.3443184379;
106.8323616574;;;1.3293101417;0.4681494339;50.4871359809;0.3425037312;
105.9799754536;;;1.3268010699;0.4744148661;50.1469072179;0.340228763;
105.1387788427;;;1.3243020093;0.4831053984;49.8094413292;0.3374658887;
104.3112545929;;;1.3218147152;0.4942904654;49.4752607093;0.3341806199;
103.499946148;;;1.319340925;0.5080324801;49.1449296465;0.3303310628;
102.7074498874;;;1.3168823574;0.5243860968;48.8190621946;0.3258674519;
101.9364066473;;;1.3144407113;0.5433974712;48.498330394;0.3207318006;
101.1894925063;;;1.3120176653;0.5651035243;48.183472703;0.3148576911;
100.4694088443;;;1.3096148769;0.5895312149;47.8753024732;0.3081702297;
99.7788716893;;;1.3072339818;0.6166968268;47.5747162861;0.3005861871;
99.1206003736;;;1.3048765931;0.6466052774;47.2827019397;0.2920143464;
98.4973055252;;;1.302544301;0.6792494526;47.0003458622;0.2823560776;
97.9116764303;;;1.3002386721;0.7146095772;46.7288397063;0.2715061558;
97.366367807;;;1.2979612486;0.7526526253;46.4694858706;0.2593538357;
96.8639860383;;;1.2957135483;0.7933317797;46.2237016799;0.2457841908;
96.4070749212;;;1.2934970637;0.8365859466;45.9930219565;0.2306797234;
95.9981009925;;;1.291313262;0.8823393333;45.7790997145;0.213922242;
95.6394385041;;;1.2891635843;0.930501096;45.5837047148;0.1953949997;
95.3333541235;;;1.2870494456;0.980965065;45.4087196363;0.1749850785;
95.0819914437;;;1.2849722345;1.0336095547;45.2561336374;0.1525859989;
94.8873553957;;;1.2829333126;1.0882972647;45.1280331133;0.128100524;
94.7512966598;;;1.2809340148;1.1448752788;45.0265894901;0.1014436232;
94.6754961799;;;1.2789756486;1.2031751686;44.9540439404;0.0725455497;
94.6614498918;;;1.2770594944;1.2630132064;44.9126889609;0.0413549795;
94.7104537792;;;1.2751868053;1.3241906927;44.9048468063;0.0078421547;
94.8235893765;;;1.2733588067;1.386494404;44.9328448428;-0.0279980366;
95.0017098423;;;1.2715766968;1.4496971626;44.998987956;-0.0661431132;
95.2454267289;;;1.2698416461;1.5135585327;45.1055282179;-0.1065402619;
95.5550975756;;;1.2681547978;1.5778256446;45.2546321032;-0.1491038853;
95.9308144544;;;1.2665172678;1.6422341466;45.448345618;-0.1937135148;
96.3723935965;;;1.2649301447;1.7065092868;45.6885577852;-0.2402121672;
96.879366228;;;1.2633944899;1.7703671214;45.9769630085;-0.2884052234;
97.4509707381;;;1.2619113379;1.8335158479;46.3150229053;-0.3380598968;
98.0861463014;;;1.2604816965;1.8956572599;46.7039282641;-0.3889053587;
98.7835280715;;;1.259106547;1.9564883171;47.1445618384;-0.4406335743;
99.5414440533;;;1.2577868443;2.015702826;47.6374627313;-0.492900893;
100.3579137579;;;1.2565235174;2.072993222;48.1827931554;-0.5453304241;
101.2306487328;;;1.2553174695;2.1280524445;48.7803083662;-0.5975152108;
102.1570550488;;;1.2541695786;2.1805758946;49.4293305658;-0.6490221996;
103.1342378155;;;1.2530806973;2.2302634641;50.1287275499;-0.6993969841;
104.159007783;;;1.252051654;2.2768216215;50.8768968319;-0.748169282;
105.2278900733;;;1.2510832524;2.3199655427;51.6717559126;-0.7948590807;
106.33713507;;;1.2501762726;2.3594212692;52.5107392857;-0.8389833731;
107.4827314781;;;1.249331471;2.3949278791;53.390802663;-0.8800633773;
108.6604215489;;;1.2485495812;2.426239652;54.3084347857;-0.9176321227;
109.8657184462;;;1.247831314;2.4531282113;55.2596770474;-0.9512422617;
111.0939257119;;;1.2471773584;2.4753846241;56.2401510036;-0.9804739562;
112.3401587696;;;1.2465883813;2.492821439;57.2450936763;-1.0049426727;
113.5993683847;;;1.2460650289;2.505274644;58.2694003907;-1.0243067143;
114.8663659808;;;1.2456079265;2.5126055225;59.3076747029;-1.0382743122;
116.1358506911;;;1.2452176792;2.5147023894;60.3542848026;-1.0466100996;
117.4024380052;;;1.2448948725;2.5114821866;61.4034255989;-1.0491407963;
118.6606898523;;;1.2446400728;2.5028919199;62.4491855396;-1.0457599407;
119.9051459423;;;1.2444538278;2.4889099178;63.4856170632;-1.0364315236;
121.1303561712;;;1.2443366672;2.4695468961;64.5068094566;-1.0211923934;
122.3309138787;;;1.2442891029;2.4448468103;65.5069627877;-1.0001533311;
123.5014897316;;;1.2443116298;2.4148874827;66.4804615055;-0.9734987178;
124.6368659939;;;1.2444047264;2.3797809886;67.4219462584;-0.9414847528;
125.731970931;;;1.2445688547;2.3396737919;68.3263824702;-0.9044362118;
126.7819130879;;;1.2448044617;2.2947466186;69.1891242459;-0.8627417757;
127.7820151712;;;1.2451119789;2.2452140622;70.0059722382;-0.8168479923;
128.7278472616;;;1.2454918233;2.1913239137;70.7732242176;-0.7672519795;
129.6152590788;;;1.245944398;2.1333562152;71.4877172223;-0.7144930047;
130.4404110219;;;1.2464700923;2.0716220353;72.1468603416;-0.6591431193;
131.1998037085;;;1.2470692824;2.0064619689;72.7486573921;-0.6017970505;
131.8903057435;;;1.2477423317;1.9382443667;73.2917189748;-0.5430615827;
132.509179454;;;1.2484895914;1.8673633019;73.7752636545;-0.4835446797;
133.054104337;;;1.2493114009;1.794236284;74.1991082677;-0.4238446132;
133.5231979828;;;1.250208088;1.7193017338;74.5636476374;-0.3645393696;
133.9150342484;;;1.2511799694;1.643016235;74.8698242432;-0.3061766058;
134.2286584778;;;1.2522273512;1.5658515806;75.1190886602;-0.249264417;
134.4635995844;;;1.253350529;1.4882916355;75.31335182;-0.1942631598;
134.6198788342;;;1.2545497885;1.4108290384;75.4549303727;-0.1415785527;
134.6980151967;;;1.2558254055;1.333961768;75.5464866128;-0.0915562401;
134.6990271521;;;1.2571776465;1.2581896019;75.5909645824;-0.0444779696;
134.6244308794;;;1.2586067685;1.1840104958;75.59152407;-0.0005594876;
134.4762347737;;;1.26011302;1.1119169143;75.5514742804;0.0400497896;
134.2569302782;;;1.2616966401;1.0423921447;75.4742089538;0.0772653266;
133.9694790443;;;1.2633578599;0.975906626;75.363144667;0.1110642868;
133.6172964685;;;1.2650969018;0.912914326;75.2216639482;0.1414807188;
133.2042316882;;;1.2669139797;0.8538491994;75.0530646867;0.1685992614;
132.7345441484;;;1.2688092996;0.7991217598;74.8605171224;0.1925475643;
132.2128768864;;;1.2707830592;0.7491157973;74.6470294593;0.2134876631;
131.6442267124;;;1.2728354481;0.704185274;74.415422879;0.2316065803;
131.0339114911;;;1.2749666477;0.6646514265;74.1683164266;0.2471064525;
130.387534763;;;1.2771768314;0.6308001033;73.9081219268;0.2601944998;
129.7109479643;;;1.2794661642;0.6028793655;73.6370487657;0.2710731611;
129.0102105344;;;1.281834803;0.5810973731;73.3571180498;0.2799307159;
128.2915482173;;;1.2842828961;0.565620579;73.0701853479;0.2869327019;
127.561309884;;;1.2868105834;0.5565722501;72.7779709372;0.2922144107;
126.8259232192;;;1.289417996;0.5540313311;72.4820962212;0.295874716;
126.0918496265;;;1.2921052557;0.558031663;72.1841247793;0.297971442;
125.3655387174;;;1.2948724753;0.5685615662;71.8856063425;0.2985184367;
124.6533827531;;;1.2977197582;0.5855637938;71.588121885;0.2974844575;
123.961671412;;;1.3006471974;0.6089358563;71.2933279682;0.2947939168;
123.296547253;;;1.3036548761;0.6385307172;71.0029984881;0.2903294801;
122.6639622402;;;1.3067428666;0.6741578538;70.719062044;0.2839364441;
122.0696356842;;;1.3099112302;0.7155846741;70.443633278;0.275428766;
121.5190139452;;;1.3131600165;0.7625382776;70.1790367181;0.2645965599;
121.0172322264;;;1.3164892631;0.8147075442;69.9278218901;0.251214828;
120.5690787643;;;1.3198989949;0.8717455328;69.6927687378;0.2350531523;
120.1789617067;;;1.3233892237;0.9332721661;69.4768826982;0.2158860396;
119.850878938;;;1.3269599473;0.9988771785;69.2833791083;0.1935035899;
119.5883910874;;;1.3306111492;1.0681232985;69.1156569632;0.1677221451;
119.3945979266;;;1.3343427976;1.1405496368;68.9772623881;0.1383945752;
119.2721183299;;;1.3381548449;1.2156752482;68.8718425215;0.1054198666;
119.2230739382;;;1.3420472269;1.2930028352;68.8030908223;0.0687516991;
119.2490766342;;;1.346019862;1.372022558;68.7746850952;0.0284057271;
119.3512199007;;;1.3500726502;1.4522159167;68.7902197746;-0.0155346795;
119.5300740991;;;1.3542054727;1.5330596711;68.8531342074;-0.0629144328;
119.7856856694;;;1.3584181906;1.6140297609;68.9666388159;-0.1135046085;
120.1175802183;;;1.3627106442;1.6946051932;69.133641117;-0.1670023011;
120.5247694285;;;1.3670826521;1.7742718623;69.3566735971;-0.2230324801;
121.0057616862;;;1.37153401;1.8525262678;69.637825418;-0.2811518209;
121.5585762973;;;1.3760644901;1.9288791012;69.9786798355;-0.3408544175;
122.1807611266;;;1.3806738397;2.0028586689;70.3802590746;-0.4015792391;
122.8694134714;;;1.3853617803;2.0740141251;70.8429782092;-0.4627191346;
123.6212039528;;;1.3901280068;2.1419184882;71.3666093601;-0.5236311509;
124.4324031848;;;1.3949721859;2.2061714179;71.950257254;-0.5836478939;
125.2989109618;;;1.3998939557;2.2664017326;72.5923468886;-0.6420896347;
126.2162876872;;;1.4048929237;2.3222696491;73.2906237337;-0.698276845;
127.1797877521;;;1.4099686665;2.3734687313;74.0421665744;-0.7515428407;
128.1843945592;;;1.4151207281;2.4197275352;74.8434127851;-0.8012462107;
129.2248568833;;;1.4203486191;2.4608109433;75.6901955094;-0.8467827244;
130.2957262505;;;1.4256518153;2.4965211825;76.5777919351;-0.8875964257;
131.3913950186;;;1.4310297563;2.5266985244;77.5009815897;-0.9231896546;
132.5061348425;;;1.436481845;2.551221669;78.4541133572;-0.9531317675;
133.6341352131;;;1.4420074458;2.5700078164;79.4311797278;-0.9770663706;
134.7695417624;;;1.4476058835;2.5830124329;80.4258966514;-0.9947169236;
135.9064940434;;;1.4532764423;2.5902287232;81.4317872689;-1.0058906175;
137.0391624985;;;1.4590183644;2.5916868195;82.442267747;-1.0104804781;
138.1617843523;;;1.4648308489;2.5874527027;83.450733442;-1.008465695;
139.2686981759;;;1.4707130507;2.5776268742;84.4506436616;-0.9999102196;
140.3543768916;;;1.476664079;2.5623427948;85.4356033825;-0.9849597208;
141.4134590078;;;1.4826829966;2.5417651127;86.3994404048;-0.9638370223;
142.4407778925;;;1.4887688182;2.5160877029;87.3362765849;-0.9368361801;
143.4313889215;;;1.4949205096;2.4855315386;88.2405919736;-0.9043153887;
144.3805943555;;;1.5011369868;2.4503424207;89.1072808915;-0.8666889179;
145.2839658299;;;1.5074171142;2.4107885887;89.931699198;-0.8244183065;
146.1373643622;;;1.5137597043;2.3671582366;90.7097022368;-0.7780030389;
146.936957806;;;1.5201635159;2.3197569598;91.4376731713;-0.7279709345;
147.6792357084;;;1.5266272539;2.2689051562;92.1125416485;-0.6748684772;
148.3610215458;;;1.5331495675;2.2149354049;92.7317929444;-0.6192512958;
148.9794823423;;;1.5397290499;2.1581898464;93.2934679415;-0.5616749971;
149.532135691;;;1.546364237;2.0990175857;93.7961544684;-0.5026865269;
150.016854223;;;1.5530536066;2.0377721387;94.2389706857;-0.4428162173;
150.4318675881;;;1.5597955779;1.974808943;94.6215413303;-0.3825706446;
150.7757620274;;;1.5665885102;1.9104829495;94.9439677343;-0.322426404;
151.0474776374;;;1.5734307025;1.8451463125;95.206792604;-0.2628248697;
151.2463034374;;;1.5803203929;1.7791461929;95.4109605904;-0.2041679864;
151.3718703674;;;1.5872557578;1.7128226878;95.5577756996;-0.1468151092;
151.4241423543;;;1.5942349113;1.6465068982;95.6488565817;-0.0910808821;
151.4034055928;;;1.6012559051;1.5805191436;95.6860907046;-0.0372341229;
151.3102561977;;;1.6083167276;1.5151673325;95.6715883643;0.0145023403;
151.145586388;;;1.6154153039;1.4507454942;95.6076374112;0.063950953;
150.9105693685;;;1.6225494955;1.387532476;95.4966594867;0.1109779245;
150.6066430776;;;1.6297170997;1.3257908088;95.3411684623;0.1554910244;
150.235492969;;;1.6369158501;1.2657657415;95.1437316712;0.1974367911;
149.7990339974;;;1.6441434162;1.2076844446;94.906934408;0.2367972632;
149.2993919734;;;1.6513974033;1.1517553792;94.633348061;0.273586347;
148.7388844497;;;1.658675353;1.0981678294;94.3255021309;0.30784593;
148.1200012982;;;1.6659747434;1.047091592;93.9858602813;0.3396418497;
147.4453851282;;;1.6732929891;0.9986768191;93.6168004659;0.3690598154;
146.7178116917;;;1.6806274416;0.9530540051;93.2205990883;0.3962013776;
145.9401704128;;;1.6879753905;0.9103341116;92.7994190622;0.421180026;
145.1154451695;;;1.6953340631;0.8706088198;92.3553015734;0.4441174888;
144.2466954474;;;1.7027006258;0.8339509038;91.890161282;0.4651402915;
143.3370379755;;;1.7100721848;0.8004147129;91.4057846566;0.4843766254;
142.3896289418;;;1.7174457868;0.770036753;90.903831097;0.5019535596;
141.4076468802;;;1.72481842;0.7428363584;90.3858364752;0.5179946218;
140.3942763059;;;1.7321870156;0.7188164413;89.8532187139;0.5326177613;
139.3526921677;;;1.7395484487;0.6979643104;89.3072850171;0.5459336968;
138.2860451748;;;1.7468995395;0.6802525466;88.7492403741;0.558044643;
137.1974480465;;;1.7542370553;0.6656399269;88.1801969727;0.5690434014;
136.0899627204;;;1.7615577114;0.6540723853;87.6011841775;0.5790127952;
134.9665885488;;;1.7688581733;0.6454840017;87.0131587577;0.5880254198;
133.8302515004;;;1.7761350581;0.6397980097;86.4170150786;0.596143679;
132.6837943777;;;1.7833849367;0.636927814;85.8135950062;0.6034200725;
131.529968051;;;1.7906043355;0.6367780087;85.2036973088;0.6098976973;
130.3714237027;;;1.7977897386;0.6392453903;84.5880863805;0.6156109283;
129.210706069;;;1.8049375903;0.6442199566;83.9675001426;0.6205862379;
128.050247658;;;1.8120442969;0.6515858859;83.3426570212;0.6248431215;
126.8923639186;;;1.8191062294;0.66122249;82.7142619284;0.6283950927;
125.7392493291;;;1.8261197263;0.6730051368;82.0830112105;0.6312507179;
124.5929743693;;;1.8330810958;0.6868061359;81.4495965511;0.6334146595;
123.4554833363;;;1.8399866185;0.7024955855;80.814707848;0.6348887031;
122.3285929607;;;1.8468325508;0.7199421752;80.1790351022;0.6356727458;
121.213991777;;;1.8536151272;0.7390139434;79.5432693753;0.635765727;
120.1132401996;;;1.8603305635;0.7595789862;78.9081028899;0.6351664854;
119.0277712553;;;1.8669750604;0.781506116;78.2742283586;0.6338745313;
117.9588919198;;;1.8735448058;0.8046654703;77.6423376327;0.6318907259;
116.9077850081;;;1.8800359787;0.828929067;77.013119773;0.6292178597;
115.8755115652;;;1.8864447526;0.8541713098;76.3872586411;0.6258611319;
114.8630137069;;;1.8927672986;0.8802694402;75.7654301149;0.6218285262;
113.8711178584;;;1.8989997889;0.9071039404;75.1482990266;0.6171310883;
112.9005383421;;;1.9051384006;0.9345588843;74.5365159184;0.6117831082;
111.9518812642;;;1.9111793193;0.9625222414;73.9307137051;0.6058022134;
111.0256486544;;;1.9171187426;0.9908861328;73.3315043249;0.5992093801;
110.1222428127;;;1.9229528839;1.0195470422;72.7394754548;0.5920288701;
109.2419708198;;;1.9286779763;1.0484059834;72.1551873522;0.5842881026;
108.3850491706;;;1.9342902761;1.077368627;71.5791698823;0.5760174699;
107.5516084916;;;1.939786067;1.1063453879;71.0119197764;0.5672501059;
106.7416983055;;;1.9451616635;1.1352514774;70.4538981593;0.5580216171;
105.9552918101;;;1.9504134154;1.16400692;69.9055283753;0.5483697841;
105.1922906395;;;1.955537711;1.1925365404;69.3671941315;0.5383342438;
104.4525295786;;;1.9605309815;1.2207699205;68.8392379738;0.5279561577;
103.7357812054;;;1.9653897046;1.2486413313;68.3219600976;0.5172778762;
103.0417604373;;;1.9701104084;1.2760896403;67.8156174942;0.5063426034;
102.3701289599;;;1.9746896755;1.3030581981;67.320423425;0.4951940692;
101.7204995203;;;1.9791241465;1.3294947068;66.8365472104;0.4838762146;
101.0924400678;;;1.9834105237;1.3553510712;66.364114319;0.4724328914;
100.4854777293;;;1.9875455752;1.3805832366;65.9032067357;0.4609075833;
99.8991026056;;;1.9915261385;1.4051510149;65.4538635863;0.4493431494;
99.3327713821;;;1.9953491239;1.4290179003;65.0160819949;0.4377815914;
98.7859107424;;;1.999011518;1.4521508784;64.5898181474;0.4262638475;
98.257920583;;;2.0025103878;1.4745202284;64.1749885357;0.4148296116;
97.7481770222;;;2.0058428831;1.4960993222;63.7714713545;0.4035171813;
97.2560352023;;;2.0090062405;1.5168644206;63.3791080252;0.3923633293;
96.7808318844;;;2.0119977865;1.5367944686;62.997704822;0.3814032032;
96.3218878365;;;2.0148149403;1.5558708924;62.6270345737;0.3706702483;
95.8785100168;;;2.0174552167;1.574077397;62.2668384205;0.3601961532;
95.4499935552;;;2.0199162293;1.5913997677;61.9168276038;0.3500108167;
95.0356235391;;;2.0221956926;1.6078256765;61.5766852679;0.3401423359;
94.6346766068;;;2.024291425;1.6233444927;61.2460682594;0.3306170085;
94.2464223568;;;2.0262013508;1.6379471007;60.9246089062;0.3214593532;
93.8701245793;;;2.0279235024;1.6516257249;60.6119167644;0.3126921418;
93.5050423188;;;2.0294560223;1.6643737618;60.3075803224;0.304336442;
93.1504307757;;;2.0307971649;1.6761856218;60.0111686527;0.2964116697;
92.8055420573;;;2.031945298;1.6870565796;59.7222330055;0.2889356472;
92.4696257877;;;2.032898904;1.6969826343;59.4403083398;0.2819246657;
92.1419295869;;;2.0336565812;1.7059603804;59.1649147889;0.2753935508;
91.8216994315;;;2.0342170446;1.7139868892;58.895559061;0.2693557279;
91.5081799063;;;2.0345791264;1.7210596013;58.6317357744;0.2638232866;
91.2006143611;;;2.0347417765;1.7271762312;58.3729287321;0.2588070423;
90.8982449821;;;2.0347040621;1.7323346832;58.1186121395;0.2543165927;
90.600312794;;;2.0344651681;1.73653298;57.8682517704;0.250360369;
90.3060576016;;;2.0340243959;1.7397692035;57.6213060903;0.2469456802;
90.0147178874;;;2.0333811628;1.7420414486;57.3772273424;0.2440787479;
89.7255306771;;;2.0325350005;1.7433477902;57.1354626087;0.2417647337;
89.4377313861;;;2.0314855537;1.7436862627;56.8954548537;0.2400077549;
89.1505536623;;;2.0302325778;1.743054854;56.6566439622;0.2388108915;
88.8632292385;;;2.0287759365;1.7414515126;56.4184677819;0.2381761803;
88.5749878082;;;2.0271155988;1.7388741685;56.1803631831;0.2381045989;
88.2850569414;;;2.0252516354;1.7353207686;55.941767145;0.2385960381;
87.9926620519;;;2.0231842151;1.7307893255;55.7021178825;0.2396492625;
87.6970264343;;;2.0209135997;1.7252779821;55.4608560217;0.2412618608;
87.3973713838;;;2.0184401392;1.7187850887;55.2174258376;0.2434301841;
87.0929164145;;;2.0157642658;1.7113092965;54.9712765621;0.2461492755;
86.7828795919;;;2.0128864871;1.7028496645;54.7218637726;0.2494127895;
86.4664779948;;;2.0098073784;1.6934057813;54.4686508689;0.2532129036;
86.1429283221;;;2.0065275748;1.6829779021;54.2111106467;0.2575402223;
85.8114476604;;;2.0030477613;1.6715670996;53.9487269706;0.262383676;
85.4712544277;;;1.999368662;1.6591754293;53.680996555;0.2677304157;
85.1215695091;;;1.9954910281;1.6458061095;53.4074308502;0.2735657047;
84.7616175995;;;1.9914156244;1.6314637148;53.1275580391;0.2798728112;
84.3906287694;;;1.9871432134;1.6161543834;52.8409251376;0.2866329015;
84.0078402682;;;1.9826745383;1.5998860371;52.5471001991;0.2938249385;
83.6124985805;;;1.9780103022;1.5826686144;52.2456746132;0.3014255859;
83.2038617497;;;1.9731511457;1.5645143149;51.9362654914;0.3094091218;
82.7812019841;;;1.9680976201;1.5454378546;51.618518127;0.3177473644;
82.3438085584;;;1.9628501569;1.5254567312;51.2921085154;0.3264096115;
81.8909910251;;;1.9574090318;1.5045914985;50.956745918;0.3353625974;
81.4220827497;;;1.9517743227;1.4828660473;50.61217545;0.344570468;
80.936444782;;;1.9459458602;1.4603078925;50.2581806719;0.3539947781;
80.4334700789;;;1.9399231679;1.4369484649;49.8945861602;0.3635945118;
79.912588091;;;1.9337053915;1.4128234035;49.5212600349;0.3733261252;
79.3732697292;;;1.9272912112;1.3879728494;49.1381164185;0.3831436164;
78.8150327288;;;1.9206787358;1.3624417354;48.745117803;0.3929986155;
78.2374474314;;;1.9138653687;1.3362800713;48.3422773036;0.4028404994;
77.6401430106;;;1.9068476415;1.3095432207;47.9296607823;0.4126165213;
77.0228141778;;;1.8996209989;1.2822921661;47.5073888294;0.4222719529;
76.3852284155;;;1.8921795211;1.2545937588;47.0756386039;0.4317502255;
75.7272338114;;;1.8845155551;1.2265209509;46.6346455466;0.4409930573;
75.0487675962;;;1.8766192186;1.1981530035;46.184705004;0.4499405425;
74.3498655504;;;1.8684777145;1.1695756686;45.726173834;0.45853117;
73.6306725316;;;1.8600743587;1.1408813399;45.2594721149;0.4667017192;
72.8914545372;;;1.8513871611;1.1121691666;44.7850851628;0.4743869521;
72.1326129914;;;1.8423866731;1.0835451273;44.3035661893;0.4815189735;
71.3547024696;;;1.8330325791;1.0551220574;43.8155401587;0.4880260305;
70.558454101;;;1.8232679944;1.0270196258;43.3217098103;0.4938303484;
69.744809118;;;1.8130092383;0.9993642554;42.8228656068;0.4988442035;
68.914972384;;;1.802125716;0.972288982;42.3199030732;0.5029625336;
68.0705107676;;;1.7903948633;0.9459332468;41.8138550645;0.5060480087;
67.2135743379;;;1.7773790471;0.9204426174;41.3059579163;0.5078971482;
66.3475999869;;;1.7619427825;0.8959684315;40.7978107223;0.508147194;
